{
  "name": "Actions Runner Devcontainer",
  "image": "mcr.microsoft.com/devcontainers/base:focal",
  "features": {
    "ghcr.io/devcontainers/features/docker-in-docker:1": {},
    "ghcr.io/devcontainers/features/dotnet": {
      "version": "8.0.407"
    },
    "ghcr.io/devcontainers/features/node:1": {
      "version": "20"
    },
    "ghcr.io/devcontainers/features/sshd:1": {
      "version": "latest"
    }
  },
  "customizations": {
    "vscode": {
      "extensions": [
        "ms-azuretools.vscode-docker",
        "ms-dotnettools.csharp",
        "eamodio.gitlens"
      ]
    }
  },
  "postCreateCommand": "dotnet restore src/Test && dotnet restore src/Runner.PluginHost",
  "remoteUser": "vscode"
}
